loss,val_loss,lr
328.33056640625,262.94000244140625,0.001
325.9055480957031,291.67706298828125,0.001
307.89349365234375,281.7204895019531,0.001
